{"x0_10": [3.19814917262, 4.96870842374, 5.27738007224, 3.95608314762, 4.63464033793, 1.7150416755, 4.7237153349, 2.58030593927, 4.62123641991, 3.58883085798], "x0_11": [57.951224472, 77.8484760287, 80.7969837316, 97.383030189, 83.8603979178, 79.9949521754, 94.4307701512, 64.7483947298, 71.2301660032, 93.319683293], "x0_12": [93.2258828462, 47.1721248798, 81.3429092974, 124.746856854, 71.5419213875, 52.7439245113, 88.4032741841, 75.6122193488, 105.269360376, 77.6764993884], "x0_13": [250.621836, 280.236267, 326.55338, 248.11709, 279.047113, 257.421705, 238.918844, 263.83812, 241.4475, 267.183741], "BW": [68.706, 51.046, 44.791, 49.564, 47.074, 45.408, 37.898, 41.218, 43.885, 47.378], "EGPb": [3.3924, 2.4905, 2.8199, 3.2437, 2.8283, 3.792, 3.0324, 2.921, 4.2126, 2.8311], "Gb": [149.02, 152.41, 145.9, 144.7, 139.03, 134.67, 145.16, 144.3, 137.97, 144.87], "Ib": [97.554, 119.18, 101.28, 108.88, 113.09, 113.0, 111.9, 82.914, 84.982, 108.24], "kabs": [0.091043, 0.12473, 0.046752, 0.14452, 1.2323, 0.044109, 0.053959, 0.031127, 0.20973, 0.80212], "kmax": [0.015865, 0.034573, 0.046773, 0.030833, 0.025659, 0.058757, 0.046226, 0.051587, 0.027936, 0.017759], "kmin": [0.0083338, 0.006983, 0.0066262, 0.0096077, 0.025281, 0.0075623, 0.0083388, 0.0085102, 0.012496, 0.010463], "b": [0.83072, 0.76876, 0.56424, 0.77607, 0.98829, 0.62856, 0.63139, 0.68583, 0.87667, 0.90795], "d": [0.32294, 0.18887, 0.14423, 0.14467, 0.13898, 0.17249, 0.17323, 0.13088, 0.1589, 0.26552], "Vg": [1.6818, 1.8387, 2.2382, 1.7147, 2.0071, 1.9115, 1.6459, 1.8284, 1.75, 1.8443], "Vi": [0.048153, 0.050506, 0.034438, 0.039647, 0.045653, 0.072163, 0.046776, 0.057049, 0.055398, 0.058406], "Ipb": [4.697517762, 6.01930508, 3.48788064, 4.31676536, 5.16289777, 8.154419, 5.2342344, 4.730160786, 4.707832836, 6.32186544], "Vmx": [0.074667, 0.038897, 0.060762, 0.056525, 0.050384, 0.043789, 0.03753, 0.050245, 0.076427, 0.065509], "Km0": [260.89, 223.01, 216.57, 248.78, 278.74, 205.67, 213.24, 216.9, 223.83, 231.53], "k2": [0.067738, 0.28643, 0.080467, 0.07298, 0.14022, 0.084141, 0.15372, 0.2045, 0.080139, 0.13124], "k1": [0.057252, 0.036957, 0.10004, 0.072211, 0.079271, 0.06398, 0.065101, 0.033578, 0.074658, 0.090215], "p2u": [0.021344, 0.017681, 0.065784, 0.037027, 0.032703, 0.046778, 0.028587, 0.024807, 0.035186, 0.038376], "m1": [0.15221, 0.14477, 0.10962, 0.17822, 0.13245, 0.44964, 0.17352, 0.20978, 0.11961, 0.18514], "m5": [0.029902, 0.036533, 0.016546, 0.02182, 0.014914, 0.021571, 0.017336, 0.0078171, 0.028412, 0.024317], "CL": [0.8571, 0.77023, 0.63961, 0.80238, 0.6388, 0.7747, 0.694, 0.67272, 0.7136, 0.72708], "HEb": [0.6, 0.6, 0.6, 0.6, 0.6, 0.6, 0.6, 0.6, 0.6, 0.6], "m2": [0.259067825939, 0.298755383281, 0.414654673732, 0.408322597923, 0.297244948528, 0.236421300822, 0.391489481686, 0.286087833178, 0.29352469992, 0.262753198147], "m4": [0.103627130376, 0.119502153313, 0.165861869493, 0.163329039169, 0.118897979411, 0.0945685203288, 0.156595792674, 0.114435133271, 0.117409879968, 0.105101279259], "m30": [0.228315, 0.217155, 0.16443, 0.26733, 0.198675, 0.67446, 0.26028, 0.31467, 0.179415, 0.27771], "Ilb": [3.19814917262, 4.96870842374, 5.27738007224, 3.95608314762, 4.63464033793, 1.7150416755, 4.7237153349, 2.58030593927, 4.62123641991, 3.58883085798], "ki": [0.0088838, 0.0084603, 0.0094229, 0.0058346, 0.010166, 0.044238, 0.0058301, 0.015816, 0.0078732, 0.010331], "kp2": [0.023318, 0.0026879, 0.0060918, 0.0046256, 0.0039814, 0.012289, 0.0096939, 0.0038941, 0.014674, 0.0028192], "kp3": [0.023253, 0.0079949, 0.017571, 0.015157, 0.0062157, 0.0062812, 0.0095992, 0.0045499, 0.026073, 0.01386], "Gpb": [250.621836, 280.236267, 326.55338, 248.11709, 279.047113, 257.421705, 238.918844, 263.83812, 241.4475, 267.183741], "Gtb": [176.506559902, 30.9541309204, 383.368339011, 214.758607646, 144.715758769, 162.558570565, 87.9615903151, 33.9274151265, 184.846172962, 169.7110728], "Vm0": [5.92854753098, 12.228853658, 2.84798631515, 4.84283999312, 5.34982624105, 6.32445379807, 6.95942524417, 14.202068229, 7.10273332804, 4.32919618197], "Rdb": [3.3924, 2.4905, 2.8199, 3.2437, 2.8283, 3.792, 3.0324, 2.921, 4.2126, 2.8311], "PCRb": [0.0227647295665, 0.0163407912867, 0.0193276216587, 0.0224167242571, 0.0203430914191, 0.0281577188683, 0.020890052356, 0.0202425502426, 0.0305327245053, 0.0195423483123], "kd": [0.0185, 0.0163, 0.0149, 0.0155, 0.0151, 0.018, 0.0176, 0.0174, 0.0167, 0.0144], "ksc": [0.056, 0.1314, 0.1059, 0.0751, 0.0866, 0.0737, 0.0503, 0.0804, 0.0912, 0.1045], "ka1": [0.0025, 0.0068, 0.003, 0.0026, 0.0032, 0.0061, 0.0041, 0.0035, 0.0027, 0.0034], "ka2": [0.0115, 0.0269, 0.0148, 0.0121, 0.0177, 0.0273, 0.0188, 0.0149, 0.0113, 0.0173], "u2ss": [1.21697571391, 1.79829979626, 1.4462660088, 1.76263284642, 1.5346452819, 1.92787834743, 2.04914771228, 1.35324144985, 1.38186522046, 1.66109036262], "isc1ss": [57.951224472, 77.8484760287, 80.7969837316, 97.383030189, 83.8603979178, 79.9949521754, 94.4307701512, 64.7483947298, 71.2301660032, 93.319683293], "isc2ss": [93.2258828462, 47.1721248798, 81.3429092974, 124.746856854, 71.5419213875, 52.7439245113, 88.4032741841, 75.6122193488, 105.269360376, 77.6764993884], "kp1": [11.5048231338, 4.19657924407, 6.58878876028, 6.0416845715, 4.6422316887, 7.66523093275, 6.42260586185, 4.32566243169, 9.971336301, 5.08455080263]}